<?xml version="1.0" encoding="UTF-8"?>
<project-private xmlns="http://www.netbeans.org/ns/project-private/1">
    <editor-bookmarks xmlns="http://www.netbeans.org/ns/editor-bookmarks/2" lastBookmarkId="0"/>
    <open-files xmlns="http://www.netbeans.org/ns/projectui-open-files/2">
        <group>
            <file>file:/D:/FOI/VIII.%20Semestar/NWTiS/zadace/jurbunic_zadaca_3/jurbunic_zadaca_3_1/src/java/org/foi/nwtis/jurbunic/rest/serveri/MeteoRESTResource.java</file>
            <file>file:/D:/FOI/VIII.%20Semestar/NWTiS/zadace/jurbunic_zadaca_3/jurbunic_zadaca_3_1/src/java/org/foi/nwtis/jurbunic/web/PreuzmiMeteoPodatke.java</file>
            <file>file:/D:/FOI/VIII.%20Semestar/NWTiS/zadace/jurbunic_zadaca_3/jurbunic_zadaca_3_1/src/java/org/foi/nwtis/jurbunic/rest/klijenti/GMKlijent.java</file>
        </group>
    </open-files>
</project-private>
